{
    "object1": {
        "shape": "square",
        "color": "red",
        "image": {
            "x": 263.0,
            "y": 303.0
        },
        "robot": {
            "x": 570.830810546875,
            "y": 21.70185089111328
        }
    },
    "object2": {
        "shape": "polygon",
        "color": "red",
        "image": {
            "x": 512.0,
            "y": 117.0
        },
        "robot": {
            "x": 338.72613525390625,
            "y": 31.35678482055664
        }
    },
    "object3": {
        "shape": "circle",
        "color": "blue",
        "image": {
            "x": 303.0,
            "y": 88.0
        },
        "robot": {
            "x": 306.9854431152344,
            "y": 21.949289321899414
        }
    },
    "object4": {
        "shape": "polygon",
        "color": "blue",
        "image": {
            "x": 14.0,
            "y": 83.0
        },
        "robot": {
            "x": 306.1650695800781,
            "y": 19.869070053100586
        }
    },
    "object5": {
        "shape": "square",
        "color": "green",
        "image": {
            "x": 508.0,
            "y": 313.0
        },
        "robot": {
            "x": 144.88638305664062,
            "y": 15.0198335647583
        }
    },
    "object6": {
        "shape": "circle",
        "color": "green",
        "image": {
            "x": 199.0,
            "y": 189.0
        },
        "robot": {
            "x": 344.3089294433594,
            "y": 20.66433334350586
        }
    },
    "object7": {
        "shape": "square",
        "color": "yellow",
        "image": {
            "x": 362.0,
            "y": 219.0
        },
        "robot": {
            "x": 442.04254150390625,
            "y": 25.242624282836914
        }
    }
}