{
    "object1": {
        "shape": "square",
        "color": "red",
        "image": {
            "x": 519.0,
            "y": 362.0
        },
        "robot": {
            "x": 266.170654296875,
            "y": -60.16895294189453
        }
    },
    "object2": {
        "shape": "square",
        "color": "red",
        "image": {
            "x": 460.0,
            "y": 209.0
        },
        "robot": {
            "x": 337.9766540527344,
            "y": -32.775543212890625
        }
    }
}