{
    "object1": {
        "shape": "square",
        "color": "red",
        "image": {
            "x": 263.0,
            "y": 303.0
        },
        "robot": {
            "x": 585.3067626953125,
            "y": 21.793670654296875
        }
    },
    "object2": {
        "shape": "polygon",
        "color": "red",
        "image": {
            "x": 512.0,
            "y": 117.0
        },
        "robot": {
            "x": 336.52899169921875,
            "y": 31.535850524902344
        }
    },
    "object3": {
        "shape": "circle",
        "color": "blue",
        "image": {
            "x": 303.0,
            "y": 88.0
        },
        "robot": {
            "x": 306.2463684082031,
            "y": 22.02785873413086
        }
    },
    "object4": {
        "shape": "polygon",
        "color": "blue",
        "image": {
            "x": 14.0,
            "y": 83.0
        },
        "robot": {
            "x": 305.7062683105469,
            "y": 19.88699722290039
        }
    },
    "object5": {
        "shape": "square",
        "color": "green",
        "image": {
            "x": 508.0,
            "y": 313.0
        },
        "robot": {
            "x": 145.7852020263672,
            "y": 15.001835823059082
        }
    },
    "object6": {
        "shape": "circle",
        "color": "green",
        "image": {
            "x": 199.0,
            "y": 189.0
        },
        "robot": {
            "x": 344.433837890625,
            "y": 20.70328140258789
        }
    },
    "object7": {
        "shape": "square",
        "color": "yellow",
        "image": {
            "x": 362.0,
            "y": 219.0
        },
        "robot": {
            "x": 444.3129577636719,
            "y": 25.47429656982422
        }
    }
}