{
    "object1": {
        "shape": "square",
        "color": "red",
        "image": {
            "x": 263.0,
            "y": 303.0
        },
        "robot": {
            "x": 570.4445190429688,
            "y": 21.734539031982422
        }
    },
    "object2": {
        "shape": "polygon",
        "color": "red",
        "image": {
            "x": 512.0,
            "y": 117.0
        },
        "robot": {
            "x": 335.037841796875,
            "y": 31.274877548217773
        }
    },
    "object3": {
        "shape": "circle",
        "color": "blue",
        "image": {
            "x": 303.0,
            "y": 88.0
        },
        "robot": {
            "x": 306.18536376953125,
            "y": 22.005090713500977
        }
    },
    "object4": {
        "shape": "polygon",
        "color": "blue",
        "image": {
            "x": 14.0,
            "y": 83.0
        },
        "robot": {
            "x": 305.8195495605469,
            "y": 19.89797592163086
        }
    },
    "object5": {
        "shape": "square",
        "color": "green",
        "image": {
            "x": 508.0,
            "y": 313.0
        },
        "robot": {
            "x": 144.52197265625,
            "y": 14.942681312561035
        }
    },
    "object6": {
        "shape": "circle",
        "color": "green",
        "image": {
            "x": 199.0,
            "y": 189.0
        },
        "robot": {
            "x": 343.71075439453125,
            "y": 20.7020206451416
        }
    },
    "object7": {
        "shape": "square",
        "color": "yellow",
        "image": {
            "x": 362.0,
            "y": 219.0
        },
        "robot": {
            "x": 439.0738830566406,
            "y": 25.299083709716797
        }
    }
}