{
    "object1": {
        "shape": "square",
        "color": "red",
        "image": {
            "x": 263.0,
            "y": 303.0
        },
        "robot": {
            "x": 833.7832641601562,
            "y": 21.357587814331055
        }
    },
    "object2": {
        "shape": "polygon",
        "color": "red",
        "image": {
            "x": 512.0,
            "y": 117.0
        },
        "robot": {
            "x": 235.0909423828125,
            "y": -130.37548828125
        }
    },
    "object3": {
        "shape": "circle",
        "color": "blue",
        "image": {
            "x": 303.0,
            "y": 88.0
        },
        "robot": {
            "x": 302.8236083984375,
            "y": 22.174556732177734
        }
    },
    "object4": {
        "shape": "polygon",
        "color": "blue",
        "image": {
            "x": 14.0,
            "y": 83.0
        },
        "robot": {
            "x": 307.2109069824219,
            "y": 19.49983787536621
        }
    },
    "object5": {
        "shape": "square",
        "color": "green",
        "image": {
            "x": 508.0,
            "y": 313.0
        },
        "robot": {
            "x": 225.82066345214844,
            "y": 16.861461639404297
        }
    },
    "object6": {
        "shape": "circle",
        "color": "green",
        "image": {
            "x": 199.0,
            "y": 189.0
        },
        "robot": {
            "x": 344.91156005859375,
            "y": 20.273635864257812
        }
    },
    "object7": {
        "shape": "square",
        "color": "yellow",
        "image": {
            "x": 362.0,
            "y": 219.0
        },
        "robot": {
            "x": 658.615966796875,
            "y": 35.39012908935547
        }
    }
}