{
    "object1": {
        "shape": "circle",
        "color": "blue",
        "image": {
            "x": 402.0,
            "y": 321.0
        },
        "robot": {
            "x": 353.5924072265625,
            "y": 69.86512756347656
        }
    },
    "object2": {
        "shape": "square",
        "color": "blue",
        "image": {
            "x": 230.0,
            "y": 221.0
        },
        "robot": {
            "x": 307.11920166015625,
            "y": -9.273310661315918
        }
    },
    "object3": {
        "shape": "circle",
        "color": "blue",
        "image": {
            "x": 365.0,
            "y": 191.0
        },
        "robot": {
            "x": 294.31549072265625,
            "y": 54.79589080810547
        }
    },
    "object4": {
        "shape": "square",
        "color": "blue",
        "image": {
            "x": 195.0,
            "y": 134.0
        },
        "robot": {
            "x": 266.6114196777344,
            "y": -24.905027389526367
        }
    },
    "object5": {
        "shape": "square",
        "color": "yellow",
        "image": {
            "x": 278.0,
            "y": 365.0
        },
        "robot": {
            "x": 372.8394775390625,
            "y": 11.464016914367676
        }
    },
    "object6": {
        "shape": "square",
        "color": "yellow",
        "image": {
            "x": 158.0,
            "y": 312.0
        },
        "robot": {
            "x": 348.308349609375,
            "y": -44.38452911376953
        }
    }
}